user_id,email,full_name,role,created_at
LSV-0001,grace.allen1@lakeside.edu,Grace Allen,admin,2025-12-25 04:36:00
LSV-0002,noah.lee2@lakeside.edu,Noah Lee,admin,2025-10-25 11:05:00
LSV-0003,john.johnson3@lakeside.edu,John Johnson,admin,2025-09-28 17:56:00
LSV-0004,fatima.clark4@lakeside.edu,Fatima Clark,admin,2025-09-05 05:09:00
LSV-0005,sophia.hall5@lakeside.edu,Sophia Hall,admin,2025-11-24 09:56:00
LSV-0006,omar.white6@lakeside.edu,Omar White,admin,2025-09-30 01:19:00
LSV-0007,elena.moore7@lakeside.edu,Elena Moore,admin,2025-12-13 10:13:00
LSV-0008,ibrahim.king8@lakeside.edu,Ibrahim King,admin,2025-09-22 09:49:00
LSV-0009,arjun.anderson9@lakeside.edu,Arjun Anderson,admin,2025-10-06 15:18:00
LSV-0010,sophia.young10@lakeside.edu,Sophia Young,admin,2025-10-14 13:29:00
LSV-0011,noah.jackson11@lakeside.edu,Noah Jackson,student,2025-09-13 22:15:00
LSV-0012,hannah.thomas12@lakeside.edu,Hannah Thomas,student,2025-11-17 19:01:00
LSV-0013,zoe.smith13@lakeside.edu,Zoe Smith,student,2025-12-04 01:40:00
LSV-0014,omar.garcia14@lakeside.edu,Omar Garcia,student,2025-12-28 22:55:00
LSV-0015,noah.martinez15@lakeside.edu,Noah Martinez,student,2025-10-09 07:27:00
LSV-0016,diego.green16@lakeside.edu,Diego Green,student,2025-12-20 22:20:00
LSV-0017,elena.miller17@lakeside.edu,Elena Miller,student,2025-11-30 12:22:00
LSV-0018,ava.walker18@lakeside.edu,Ava Walker,student,2025-09-30 19:52:00
LSV-0019,noah.scott19@lakeside.edu,Noah Scott,student,2025-09-30 13:26:00
LSV-0020,priya.moore20@lakeside.edu,Priya Moore,student,2025-10-30 07:41:00
LSV-0021,leo.thomas21@lakeside.edu,Leo Thomas,student,2025-09-21 22:38:00
LSV-0022,amir.miller22@lakeside.edu,Amir Miller,student,2025-11-25 19:06:00
LSV-0023,henry.baker23@lakeside.edu,Henry Baker,student,2025-11-28 08:07:00
LSV-0024,noah.clark24@lakeside.edu,Noah Clark,student,2025-11-21 15:50:00
LSV-0025,omar.allen25@lakeside.edu,Omar Allen,student,2025-10-02 15:34:00
LSV-0026,mei.jackson26@lakeside.edu,Mei Jackson,student,2025-10-06 07:50:00
LSV-0027,henry.martinez27@lakeside.edu,Henry Martinez,student,2025-09-30 09:22:00
LSV-0028,isabella.wright28@lakeside.edu,Isabella Wright,student,2025-12-08 11:54:00
LSV-0029,ethan.wright29@lakeside.edu,Ethan Wright,student,2025-09-05 20:46:00
LSV-0030,priya.moore30@lakeside.edu,Priya Moore,student,2025-09-09 17:12:00
LSV-0031,yara.lee31@lakeside.edu,Yara Lee,student,2025-12-22 20:44:00
LSV-0032,sophia.lewis32@lakeside.edu,Sophia Lewis,student,2025-11-03 23:30:00
LSV-0033,mateo.baker33@lakeside.edu,Mateo Baker,student,2025-11-23 01:39:00
LSV-0034,liam.moore34@lakeside.edu,Liam Moore,student,2025-09-18 18:25:00
LSV-0035,nina.martinez35@lakeside.edu,Nina Martinez,student,2025-11-08 18:58:00
LSV-0036,nina.lee36@lakeside.edu,Nina Lee,student,2025-10-26 05:55:00
LSV-0037,priya.thomas37@lakeside.edu,Priya Thomas,student,2025-09-29 14:43:00
LSV-0038,fatima.martin38@lakeside.edu,Fatima Martin,student,2025-09-12 11:36:00
LSV-0039,hannah.garcia39@lakeside.edu,Hannah Garcia,student,2025-09-21 07:25:00
LSV-0040,emma.king40@lakeside.edu,Emma King,student,2025-11-28 00:24:00
LSV-0041,diego.johnson41@lakeside.edu,Diego Johnson,student,2025-10-20 23:01:00
LSV-0042,diego.harris42@lakeside.edu,Diego Harris,student,2025-11-07 18:34:00
LSV-0043,omar.scott43@lakeside.edu,Omar Scott,student,2025-12-30 10:23:00
LSV-0044,grace.allen44@lakeside.edu,Grace Allen,student,2025-09-16 09:16:00
LSV-0045,mateo.martinez45@lakeside.edu,Mateo Martinez,student,2025-12-06 19:06:00
LSV-0046,ibrahim.lewis46@lakeside.edu,Ibrahim Lewis,student,2025-10-14 13:48:00
LSV-0047,lucas.white47@lakeside.edu,Lucas White,student,2025-09-22 01:29:00
LSV-0048,john.allen48@lakeside.edu,John Allen,student,2025-12-22 18:59:00
LSV-0049,fatima.young49@lakeside.edu,Fatima Young,student,2025-09-24 03:19:00
LSV-0050,yara.garcia50@lakeside.edu,Yara Garcia,student,2025-12-22 07:20:00
LSV-0051,lucas.wright51@lakeside.edu,Lucas Wright,student,2025-11-22 03:19:00
LSV-0052,diego.miller52@lakeside.edu,Diego Miller,student,2025-09-20 22:45:00
LSV-0053,ibrahim.davis53@lakeside.edu,Ibrahim Davis,student,2025-11-10 04:06:00
LSV-0054,yara.patel54@lakeside.edu,Yara Patel,student,2025-11-16 21:03:00
LSV-0055,chen.patel55@lakeside.edu,Chen Patel,student,2025-09-15 22:23:00
LSV-0056,mateo.wright56@lakeside.edu,Mateo Wright,student,2025-12-13 20:29:00
LSV-0057,ethan.smith57@lakeside.edu,Ethan Smith,student,2025-10-02 05:21:00
LSV-0058,noah.johnson58@lakeside.edu,Noah Johnson,student,2025-12-04 02:35:00
LSV-0059,leo.johnson59@lakeside.edu,Leo Johnson,student,2025-12-08 04:10:00
LSV-0060,ibrahim.brown60@lakeside.edu,Ibrahim Brown,student,2025-09-18 08:31:00
LSV-0061,chen.martinez61@lakeside.edu,Chen Martinez,student,2025-09-22 19:02:00
LSV-0062,fatima.scott62@lakeside.edu,Fatima Scott,student,2025-11-18 00:26:00
LSV-0063,sophia.baker63@lakeside.edu,Sophia Baker,student,2025-11-10 09:32:00
LSV-0064,sophia.hall64@lakeside.edu,Sophia Hall,student,2025-10-10 23:37:00
LSV-0065,grace.lewis65@lakeside.edu,Grace Lewis,student,2025-10-19 00:57:00
LSV-0066,mateo.thompson66@lakeside.edu,Mateo Thompson,student,2025-10-28 14:07:00
LSV-0067,ethan.wilson67@lakeside.edu,Ethan Wilson,student,2025-09-09 21:32:00
LSV-0068,john.lee68@lakeside.edu,John Lee,student,2025-11-10 17:51:00
LSV-0069,elena.wilson69@lakeside.edu,Elena Wilson,student,2025-09-01 12:25:00
LSV-0070,henry.lewis70@lakeside.edu,Henry Lewis,student,2025-09-08 17:48:00
LSV-0071,noah.green71@lakeside.edu,Noah Green,student,2025-09-05 21:16:00
LSV-0072,noah.thompson72@lakeside.edu,Noah Thompson,student,2025-10-01 19:30:00
LSV-0073,grace.martin73@lakeside.edu,Grace Martin,student,2025-09-29 04:24:00
LSV-0074,liam.allen74@lakeside.edu,Liam Allen,student,2025-12-30 05:29:00
LSV-0075,elena.martin75@lakeside.edu,Elena Martin,student,2025-10-03 02:08:00
LSV-0076,zoe.white76@lakeside.edu,Zoe White,student,2025-09-25 13:13:00
LSV-0077,mia.walker77@lakeside.edu,Mia Walker,student,2025-10-26 22:05:00
LSV-0078,arjun.white78@lakeside.edu,Arjun White,student,2025-10-30 11:50:00
LSV-0079,grace.lewis79@lakeside.edu,Grace Lewis,student,2025-11-22 13:21:00
LSV-0080,ava.jackson80@lakeside.edu,Ava Jackson,student,2025-12-03 21:34:00
LSV-0081,zoe.scott81@lakeside.edu,Zoe Scott,student,2025-09-14 18:29:00
LSV-0082,sophia.miller82@lakeside.edu,Sophia Miller,student,2025-11-09 01:18:00
LSV-0083,liam.white83@lakeside.edu,Liam White,student,2025-09-24 19:30:00
LSV-0084,mei.wilson84@lakeside.edu,Mei Wilson,student,2025-12-21 12:34:00
LSV-0085,mei.king85@lakeside.edu,Mei King,student,2025-12-21 04:47:00
LSV-0086,mia.smith86@lakeside.edu,Mia Smith,student,2025-11-24 04:27:00
LSV-0087,leo.patel87@lakeside.edu,Leo Patel,student,2025-09-12 18:04:00
LSV-0088,emma.white88@lakeside.edu,Emma White,student,2025-11-03 02:25:00
LSV-0089,sophia.scott89@lakeside.edu,Sophia Scott,student,2025-10-22 12:00:00
LSV-0090,emma.jackson90@lakeside.edu,Emma Jackson,student,2025-09-01 23:19:00
LSV-0091,olivia.baker91@lakeside.edu,Olivia Baker,student,2025-12-11 01:31:00
LSV-0092,lucas.white92@lakeside.edu,Lucas White,student,2025-11-30 04:58:00
LSV-0093,grace.hall93@lakeside.edu,Grace Hall,student,2025-11-02 15:17:00
LSV-0094,sophia.taylor94@lakeside.edu,Sophia Taylor,student,2025-09-28 11:59:00
LSV-0095,elena.allen95@lakeside.edu,Elena Allen,student,2025-11-09 12:04:00
LSV-0096,nina.anderson96@lakeside.edu,Nina Anderson,student,2025-09-08 11:42:00
LSV-0097,elena.martin97@lakeside.edu,Elena Martin,student,2025-11-05 04:07:00
LSV-0098,emma.smith98@lakeside.edu,Emma Smith,student,2025-11-05 12:44:00
LSV-0099,hannah.davis99@lakeside.edu,Hannah Davis,student,2025-09-10 06:18:00
LSV-0100,noah.walker100@lakeside.edu,Noah Walker,student,2025-12-20 18:01:00
LSV-0101,priya.garcia101@lakeside.edu,Priya Garcia,student,2025-12-31 05:26:00
LSV-0102,ethan.lee102@lakeside.edu,Ethan Lee,student,2025-11-16 11:21:00
LSV-0103,diego.johnson103@lakeside.edu,Diego Johnson,student,2025-10-25 08:26:00
LSV-0104,elena.lee104@lakeside.edu,Elena Lee,student,2025-11-06 20:47:00
LSV-0105,yara.moore105@lakeside.edu,Yara Moore,student,2025-09-28 08:51:00
LSV-0106,henry.anderson106@lakeside.edu,Henry Anderson,student,2025-10-01 19:03:00
LSV-0107,priya.brown107@lakeside.edu,Priya Brown,student,2025-11-26 08:01:00
LSV-0108,lucas.harris108@lakeside.edu,Lucas Harris,student,2025-10-11 12:28:00
LSV-0109,john.harris109@lakeside.edu,John Harris,student,2025-11-20 05:13:00
LSV-0110,mia.johnson110@lakeside.edu,Mia Johnson,student,2025-11-08 17:16:00
LSV-0111,fatima.moore111@lakeside.edu,Fatima Moore,student,2025-09-17 21:54:00
LSV-0112,mateo.johnson112@lakeside.edu,Mateo Johnson,student,2025-12-22 18:20:00
LSV-0113,amir.taylor113@lakeside.edu,Amir Taylor,student,2025-09-22 00:57:00
LSV-0114,leo.martinez114@lakeside.edu,Leo Martinez,student,2025-11-30 20:19:00
LSV-0115,diego.king115@lakeside.edu,Diego King,student,2025-11-24 04:03:00
LSV-0116,john.walker116@lakeside.edu,John Walker,student,2025-12-15 04:55:00
LSV-0117,lucas.baker117@lakeside.edu,Lucas Baker,student,2025-11-24 13:32:00
LSV-0118,mateo.brown118@lakeside.edu,Mateo Brown,student,2025-10-04 13:56:00
LSV-0119,mateo.garcia119@lakeside.edu,Mateo Garcia,student,2025-12-06 04:53:00
LSV-0120,liam.moore120@lakeside.edu,Liam Moore,student,2025-10-08 06:38:00
LSV-0121,sophia.hall121@lakeside.edu,Sophia Hall,student,2025-10-14 16:56:00
LSV-0122,grace.lewis122@lakeside.edu,Grace Lewis,student,2025-12-19 19:00:00
LSV-0123,fatima.martin123@lakeside.edu,Fatima Martin,student,2025-10-03 11:44:00
LSV-0124,noah.lewis124@lakeside.edu,Noah Lewis,student,2025-10-25 19:26:00
LSV-0125,ava.patel125@lakeside.edu,Ava Patel,student,2025-10-13 14:27:00
LSV-0126,sara.moore126@lakeside.edu,Sara Moore,student,2025-09-22 01:04:00
LSV-0127,omar.hall127@lakeside.edu,Omar Hall,student,2025-10-26 05:08:00
LSV-0128,john.garcia128@lakeside.edu,John Garcia,student,2025-09-11 09:35:00
LSV-0129,mateo.brown129@lakeside.edu,Mateo Brown,student,2025-11-09 11:13:00
LSV-0130,leo.thomas130@lakeside.edu,Leo Thomas,student,2025-11-15 04:51:00
LSV-0131,liam.white131@lakeside.edu,Liam White,student,2025-09-17 11:25:00
LSV-0132,lucas.thomas132@lakeside.edu,Lucas Thomas,student,2025-12-25 11:21:00
LSV-0133,mateo.thomas133@lakeside.edu,Mateo Thomas,student,2025-09-28 09:16:00
LSV-0134,ethan.walker134@lakeside.edu,Ethan Walker,student,2025-09-14 22:04:00
LSV-0135,ibrahim.martinez135@lakeside.edu,Ibrahim Martinez,student,2025-12-23 23:52:00
LSV-0136,diego.allen136@lakeside.edu,Diego Allen,student,2025-09-20 18:04:00
LSV-0137,hannah.davis137@lakeside.edu,Hannah Davis,student,2025-12-12 16:02:00
LSV-0138,mateo.white138@lakeside.edu,Mateo White,student,2025-09-04 16:07:00
LSV-0139,nina.baker139@lakeside.edu,Nina Baker,student,2025-10-14 00:03:00
LSV-0140,zoe.walker140@lakeside.edu,Zoe Walker,student,2025-12-20 18:28:00
LSV-0141,olivia.davis141@lakeside.edu,Olivia Davis,student,2025-12-11 09:56:00
LSV-0142,mia.jackson142@lakeside.edu,Mia Jackson,student,2025-12-21 11:19:00
LSV-0143,hannah.martin143@lakeside.edu,Hannah Martin,student,2025-09-29 16:48:00
LSV-0144,leo.baker144@lakeside.edu,Leo Baker,student,2025-10-29 21:56:00
LSV-0145,lucas.wright145@lakeside.edu,Lucas Wright,student,2025-12-11 17:46:00
LSV-0146,ethan.patel146@lakeside.edu,Ethan Patel,student,2025-11-24 16:35:00
LSV-0147,priya.anderson147@lakeside.edu,Priya Anderson,student,2025-10-06 12:22:00
LSV-0148,ibrahim.moore148@lakeside.edu,Ibrahim Moore,student,2025-10-16 07:53:00
LSV-0149,fatima.jackson149@lakeside.edu,Fatima Jackson,student,2025-11-27 04:18:00
LSV-0150,isabella.patel150@lakeside.edu,Isabella Patel,student,2025-09-15 18:54:00
LSV-0151,emma.lee151@lakeside.edu,Emma Lee,student,2025-10-04 11:18:00
LSV-0152,mia.clark152@lakeside.edu,Mia Clark,student,2025-10-26 21:47:00
LSV-0153,nina.king153@lakeside.edu,Nina King,student,2025-10-12 00:53:00
LSV-0154,diego.thompson154@lakeside.edu,Diego Thompson,student,2025-09-15 23:08:00
LSV-0155,mateo.lee155@lakeside.edu,Mateo Lee,student,2025-09-25 18:41:00
LSV-0156,ava.hall156@lakeside.edu,Ava Hall,student,2025-10-26 10:03:00
LSV-0157,fatima.baker157@lakeside.edu,Fatima Baker,student,2025-12-14 04:22:00
LSV-0158,grace.allen158@lakeside.edu,Grace Allen,student,2025-12-31 08:53:00
LSV-0159,sophia.thomas159@lakeside.edu,Sophia Thomas,student,2025-10-26 12:23:00
LSV-0160,grace.baker160@lakeside.edu,Grace Baker,student,2025-10-14 07:16:00
LSV-0161,isabella.walker161@lakeside.edu,Isabella Walker,student,2025-12-18 14:15:00
LSV-0162,nina.green162@lakeside.edu,Nina Green,student,2025-10-10 03:18:00
LSV-0163,lucas.walker163@lakeside.edu,Lucas Walker,student,2025-10-23 21:08:00
LSV-0164,priya.hall164@lakeside.edu,Priya Hall,student,2025-10-09 04:55:00
LSV-0165,liam.miller165@lakeside.edu,Liam Miller,student,2025-10-25 08:41:00
LSV-0166,priya.walker166@lakeside.edu,Priya Walker,student,2025-12-05 15:56:00
LSV-0167,diego.lee167@lakeside.edu,Diego Lee,student,2025-10-09 23:51:00
LSV-0168,omar.wright168@lakeside.edu,Omar Wright,student,2025-09-01 20:22:00
LSV-0169,lucas.miller169@lakeside.edu,Lucas Miller,student,2025-10-27 05:47:00
LSV-0170,diego.lewis170@lakeside.edu,Diego Lewis,student,2025-10-13 01:52:00
LSV-0171,mei.harris171@lakeside.edu,Mei Harris,student,2025-11-26 17:17:00
LSV-0172,fatima.martin172@lakeside.edu,Fatima Martin,student,2025-12-11 15:47:00
LSV-0173,grace.johnson173@lakeside.edu,Grace Johnson,student,2025-10-08 03:35:00
LSV-0174,grace.lewis174@lakeside.edu,Grace Lewis,student,2025-11-19 21:26:00
LSV-0175,noah.wright175@lakeside.edu,Noah Wright,student,2025-12-06 18:01:00
LSV-0176,grace.taylor176@lakeside.edu,Grace Taylor,student,2025-09-29 16:47:00
LSV-0177,liam.patel177@lakeside.edu,Liam Patel,student,2025-09-06 18:21:00
LSV-0178,chen.clark178@lakeside.edu,Chen Clark,student,2025-12-18 12:29:00
LSV-0179,mei.white179@lakeside.edu,Mei White,student,2025-12-24 07:29:00
LSV-0180,elena.miller180@lakeside.edu,Elena Miller,student,2025-12-02 09:46:00
LSV-0181,priya.martin181@lakeside.edu,Priya Martin,student,2025-10-22 18:19:00
LSV-0182,liam.lewis182@lakeside.edu,Liam Lewis,student,2025-11-28 10:11:00
LSV-0183,mateo.young183@lakeside.edu,Mateo Young,student,2025-12-20 13:38:00
LSV-0184,ibrahim.white184@lakeside.edu,Ibrahim White,student,2025-09-29 16:00:00
LSV-0185,zoe.hall185@lakeside.edu,Zoe Hall,student,2025-11-07 01:51:00
LSV-0186,ava.martinez186@lakeside.edu,Ava Martinez,student,2025-10-02 14:08:00
LSV-0187,mei.brown187@lakeside.edu,Mei Brown,student,2025-12-13 01:51:00
LSV-0188,grace.thompson188@lakeside.edu,Grace Thompson,student,2025-11-12 06:19:00
LSV-0189,isabella.young189@lakeside.edu,Isabella Young,student,2025-12-25 01:06:00
LSV-0190,diego.wright190@lakeside.edu,Diego Wright,student,2025-12-03 03:13:00
LSV-0191,arjun.wright191@lakeside.edu,Arjun Wright,student,2025-12-27 04:42:00
LSV-0192,mei.green192@lakeside.edu,Mei Green,student,2025-09-22 02:12:00
LSV-0193,mei.moore193@lakeside.edu,Mei Moore,student,2025-12-06 18:26:00
LSV-0194,leo.lewis194@lakeside.edu,Leo Lewis,student,2025-10-07 03:47:00
LSV-0195,chen.lewis195@lakeside.edu,Chen Lewis,student,2025-10-01 19:22:00
LSV-0196,mei.johnson196@lakeside.edu,Mei Johnson,student,2025-12-01 19:45:00
LSV-0197,ethan.moore197@lakeside.edu,Ethan Moore,student,2025-10-13 20:54:00
LSV-0198,mateo.martinez198@lakeside.edu,Mateo Martinez,student,2025-09-11 14:43:00
LSV-0199,liam.wilson199@lakeside.edu,Liam Wilson,student,2025-10-21 09:41:00
LSV-0200,liam.hall200@lakeside.edu,Liam Hall,student,2025-09-28 12:11:00
LSV-0201,arjun.white201@lakeside.edu,Arjun White,student,2025-10-14 04:31:00
LSV-0202,mei.white202@lakeside.edu,Mei White,student,2025-09-08 17:03:00
LSV-0203,leo.white203@lakeside.edu,Leo White,student,2025-10-21 05:56:00
LSV-0204,henry.patel204@lakeside.edu,Henry Patel,student,2025-12-20 05:39:00
LSV-0205,priya.martin205@lakeside.edu,Priya Martin,student,2025-09-01 22:00:00
LSV-0206,lucas.young206@lakeside.edu,Lucas Young,student,2025-10-21 00:18:00
LSV-0207,omar.allen207@lakeside.edu,Omar Allen,student,2025-12-05 04:38:00
LSV-0208,zoe.clark208@lakeside.edu,Zoe Clark,student,2025-12-24 17:31:00
LSV-0209,chen.wilson209@lakeside.edu,Chen Wilson,student,2025-10-06 00:52:00
LSV-0210,chen.patel210@lakeside.edu,Chen Patel,student,2025-10-20 21:28:00
LSV-0211,grace.walker211@lakeside.edu,Grace Walker,student,2025-12-12 23:48:00
LSV-0212,nina.davis212@lakeside.edu,Nina Davis,student,2025-12-18 01:57:00
LSV-0213,yara.brown213@lakeside.edu,Yara Brown,student,2025-11-20 04:13:00
LSV-0214,john.baker214@lakeside.edu,John Baker,student,2025-10-22 06:12:00
LSV-0215,elena.walker215@lakeside.edu,Elena Walker,student,2025-09-04 12:51:00
LSV-0216,sara.white216@lakeside.edu,Sara White,student,2025-09-19 01:45:00
LSV-0217,emma.smith217@lakeside.edu,Emma Smith,student,2025-10-04 22:56:00
LSV-0218,isabella.miller218@lakeside.edu,Isabella Miller,student,2025-10-29 21:09:00
LSV-0219,isabella.young219@lakeside.edu,Isabella Young,student,2025-12-22 22:56:00
LSV-0220,olivia.young220@lakeside.edu,Olivia Young,student,2025-12-17 00:23:00
LSV-0221,olivia.wright221@lakeside.edu,Olivia Wright,student,2025-09-12 02:03:00
LSV-0222,john.allen222@lakeside.edu,John Allen,student,2025-11-09 11:46:00
LSV-0223,amir.wilson223@lakeside.edu,Amir Wilson,student,2025-11-23 12:20:00
LSV-0224,ibrahim.lewis224@lakeside.edu,Ibrahim Lewis,student,2025-09-06 11:03:00
LSV-0225,ethan.miller225@lakeside.edu,Ethan Miller,student,2025-12-17 10:41:00
LSV-0226,diego.brown226@lakeside.edu,Diego Brown,student,2025-10-01 14:18:00
LSV-0227,chen.walker227@lakeside.edu,Chen Walker,student,2025-09-16 05:15:00
LSV-0228,sophia.harris228@lakeside.edu,Sophia Harris,student,2025-11-29 18:44:00
LSV-0229,ibrahim.thomas229@lakeside.edu,Ibrahim Thomas,student,2025-09-23 06:40:00
LSV-0230,diego.allen230@lakeside.edu,Diego Allen,student,2025-12-01 13:54:00
LSV-0231,ibrahim.wright231@lakeside.edu,Ibrahim Wright,student,2025-09-21 20:37:00
LSV-0232,mia.lee232@lakeside.edu,Mia Lee,student,2025-09-04 20:38:00
LSV-0233,elena.walker233@lakeside.edu,Elena Walker,student,2025-12-26 22:48:00
LSV-0234,priya.hall234@lakeside.edu,Priya Hall,student,2025-09-26 12:35:00
LSV-0235,elena.hall235@lakeside.edu,Elena Hall,student,2025-12-17 07:24:00
LSV-0236,ethan.garcia236@lakeside.edu,Ethan Garcia,student,2025-11-29 20:17:00
LSV-0237,hannah.walker237@lakeside.edu,Hannah Walker,student,2025-11-16 14:07:00
LSV-0238,zoe.lee238@lakeside.edu,Zoe Lee,student,2025-12-10 11:24:00
LSV-0239,amir.martinez239@lakeside.edu,Amir Martinez,student,2025-10-26 08:34:00
LSV-0240,amir.johnson240@lakeside.edu,Amir Johnson,student,2025-11-05 08:06:00
LSV-0241,isabella.patel241@lakeside.edu,Isabella Patel,student,2025-12-19 00:20:00
LSV-0242,leo.martin242@lakeside.edu,Leo Martin,student,2025-09-15 00:47:00
LSV-0243,amir.lewis243@lakeside.edu,Amir Lewis,student,2025-12-25 01:41:00
LSV-0244,henry.brown244@lakeside.edu,Henry Brown,student,2025-10-26 16:00:00
LSV-0245,nina.thompson245@lakeside.edu,Nina Thompson,student,2025-11-23 19:13:00
LSV-0246,diego.king246@lakeside.edu,Diego King,student,2025-12-28 04:22:00
LSV-0247,ibrahim.martin247@lakeside.edu,Ibrahim Martin,student,2025-10-31 00:52:00
LSV-0248,leo.allen248@lakeside.edu,Leo Allen,student,2025-11-15 19:09:00
LSV-0249,isabella.scott249@lakeside.edu,Isabella Scott,student,2025-10-02 12:57:00
LSV-0250,olivia.green250@lakeside.edu,Olivia Green,student,2025-10-28 18:19:00
LSV-0251,ibrahim.harris251@lakeside.edu,Ibrahim Harris,student,2025-11-13 06:49:00
LSV-0252,grace.jackson252@lakeside.edu,Grace Jackson,student,2025-10-14 10:58:00
LSV-0253,chen.scott253@lakeside.edu,Chen Scott,student,2025-10-12 16:12:00
LSV-0254,chen.miller254@lakeside.edu,Chen Miller,student,2025-10-16 18:49:00
LSV-0255,isabella.moore255@lakeside.edu,Isabella Moore,student,2025-12-23 06:20:00
LSV-0256,henry.green256@lakeside.edu,Henry Green,student,2025-10-07 04:58:00
LSV-0257,john.thompson257@lakeside.edu,John Thompson,student,2025-09-25 12:55:00
LSV-0258,ethan.allen258@lakeside.edu,Ethan Allen,student,2025-10-24 02:40:00
LSV-0259,omar.young259@lakeside.edu,Omar Young,student,2025-10-02 09:34:00
LSV-0260,chen.lewis260@lakeside.edu,Chen Lewis,student,2025-12-02 02:45:00
LSV-0261,mei.king261@lakeside.edu,Mei King,student,2025-09-03 13:10:00
LSV-0262,lucas.wilson262@lakeside.edu,Lucas Wilson,student,2025-10-23 09:36:00
LSV-0263,ethan.taylor263@lakeside.edu,Ethan Taylor,student,2025-11-25 05:51:00
LSV-0264,amir.martin264@lakeside.edu,Amir Martin,student,2025-11-11 04:07:00
LSV-0265,amir.white265@lakeside.edu,Amir White,student,2025-12-06 04:47:00
LSV-0266,isabella.thomas266@lakeside.edu,Isabella Thomas,student,2025-11-30 01:29:00
LSV-0267,olivia.taylor267@lakeside.edu,Olivia Taylor,student,2025-10-03 17:52:00
LSV-0268,mia.allen268@lakeside.edu,Mia Allen,student,2025-09-25 20:46:00
LSV-0269,mia.allen269@lakeside.edu,Mia Allen,student,2025-11-09 09:33:00
LSV-0270,emma.miller270@lakeside.edu,Emma Miller,student,2025-09-29 02:31:00
LSV-0271,olivia.allen271@lakeside.edu,Olivia Allen,student,2025-11-16 03:54:00
LSV-0272,diego.taylor272@lakeside.edu,Diego Taylor,student,2025-09-13 16:37:00
LSV-0273,lucas.wilson273@lakeside.edu,Lucas Wilson,student,2025-10-17 16:07:00
LSV-0274,lucas.patel274@lakeside.edu,Lucas Patel,student,2025-12-01 04:13:00
LSV-0275,liam.moore275@lakeside.edu,Liam Moore,student,2025-09-06 11:51:00
LSV-0276,omar.taylor276@lakeside.edu,Omar Taylor,student,2025-11-29 14:18:00
LSV-0277,sara.scott277@lakeside.edu,Sara Scott,student,2025-12-07 02:45:00
LSV-0278,mia.scott278@lakeside.edu,Mia Scott,student,2025-09-03 05:35:00
LSV-0279,lucas.martin279@lakeside.edu,Lucas Martin,student,2025-11-02 01:02:00
LSV-0280,isabella.davis280@lakeside.edu,Isabella Davis,student,2025-09-07 18:37:00
LSV-0281,hannah.martin281@lakeside.edu,Hannah Martin,student,2025-09-15 12:13:00
LSV-0282,priya.martin282@lakeside.edu,Priya Martin,student,2025-09-11 05:41:00
LSV-0283,sara.walker283@lakeside.edu,Sara Walker,student,2025-09-07 15:10:00
LSV-0284,liam.king284@lakeside.edu,Liam King,student,2025-11-12 20:22:00
LSV-0285,noah.wilson285@lakeside.edu,Noah Wilson,student,2025-09-17 05:02:00
LSV-0286,ibrahim.white286@lakeside.edu,Ibrahim White,student,2025-11-18 06:20:00
LSV-0287,zoe.clark287@lakeside.edu,Zoe Clark,student,2025-09-30 03:50:00
LSV-0288,priya.harris288@lakeside.edu,Priya Harris,student,2025-12-27 01:06:00
LSV-0289,lucas.scott289@lakeside.edu,Lucas Scott,student,2025-11-16 00:38:00
LSV-0290,lucas.lee290@lakeside.edu,Lucas Lee,student,2025-11-19 12:03:00
LSV-0291,diego.allen291@lakeside.edu,Diego Allen,student,2025-09-13 17:05:00
LSV-0292,sara.miller292@lakeside.edu,Sara Miller,student,2025-10-05 08:32:00
LSV-0293,noah.davis293@lakeside.edu,Noah Davis,student,2025-10-01 15:55:00
LSV-0294,omar.johnson294@lakeside.edu,Omar Johnson,student,2025-09-21 10:05:00
LSV-0295,arjun.harris295@lakeside.edu,Arjun Harris,student,2025-11-29 06:16:00
LSV-0296,chen.taylor296@lakeside.edu,Chen Taylor,student,2025-09-05 17:54:00
LSV-0297,lucas.hall297@lakeside.edu,Lucas Hall,student,2025-10-08 09:59:00
LSV-0298,hannah.harris298@lakeside.edu,Hannah Harris,student,2025-09-11 09:27:00
LSV-0299,ethan.baker299@lakeside.edu,Ethan Baker,student,2025-10-05 07:20:00
LSV-0300,elena.walker300@lakeside.edu,Elena Walker,student,2025-12-12 16:45:00
LSV-0301,arjun.garcia301@lakeside.edu,Arjun Garcia,student,2025-11-09 17:40:00
LSV-0302,sara.brown302@lakeside.edu,Sara Brown,student,2025-12-26 19:04:00
LSV-0303,leo.brown303@lakeside.edu,Leo Brown,student,2025-09-10 12:02:00
LSV-0304,emma.king304@lakeside.edu,Emma King,student,2025-10-11 06:18:00
LSV-0305,nina.wright305@lakeside.edu,Nina Wright,student,2025-11-12 19:51:00
LSV-0306,mei.garcia306@lakeside.edu,Mei Garcia,student,2025-10-31 09:30:00
LSV-0307,lucas.hall307@lakeside.edu,Lucas Hall,student,2025-10-22 19:17:00
LSV-0308,fatima.martinez308@lakeside.edu,Fatima Martinez,student,2025-11-04 00:56:00
LSV-0309,noah.clark309@lakeside.edu,Noah Clark,student,2025-09-07 00:44:00
LSV-0310,nina.anderson310@lakeside.edu,Nina Anderson,student,2025-11-17 18:32:00
LSV-0311,john.johnson311@lakeside.edu,John Johnson,student,2025-10-01 09:00:00
LSV-0312,leo.scott312@lakeside.edu,Leo Scott,student,2025-11-14 06:02:00
LSV-0313,john.young313@lakeside.edu,John Young,student,2025-11-26 19:11:00
LSV-0314,elena.smith314@lakeside.edu,Elena Smith,student,2025-12-07 15:58:00
LSV-0315,chen.thompson315@lakeside.edu,Chen Thompson,student,2025-11-24 01:05:00
LSV-0316,yara.moore316@lakeside.edu,Yara Moore,student,2025-09-25 05:58:00
LSV-0317,arjun.lewis317@lakeside.edu,Arjun Lewis,student,2025-12-15 02:47:00
LSV-0318,noah.martin318@lakeside.edu,Noah Martin,student,2025-10-15 23:56:00
LSV-0319,isabella.anderson319@lakeside.edu,Isabella Anderson,student,2025-11-25 13:34:00
LSV-0320,hannah.davis320@lakeside.edu,Hannah Davis,student,2025-10-14 00:03:00
LSV-0321,henry.martin321@lakeside.edu,Henry Martin,student,2025-10-08 08:36:00
LSV-0322,priya.wright322@lakeside.edu,Priya Wright,student,2025-12-08 04:46:00
LSV-0323,ava.harris323@lakeside.edu,Ava Harris,student,2025-09-12 20:44:00
LSV-0324,olivia.anderson324@lakeside.edu,Olivia Anderson,student,2025-09-15 23:47:00
LSV-0325,hannah.thompson325@lakeside.edu,Hannah Thompson,student,2025-12-15 10:02:00
LSV-0326,grace.scott326@lakeside.edu,Grace Scott,student,2025-11-10 01:46:00
LSV-0327,arjun.smith327@lakeside.edu,Arjun Smith,student,2025-09-26 03:41:00
LSV-0328,amir.clark328@lakeside.edu,Amir Clark,student,2025-12-07 03:00:00
LSV-0329,sara.harris329@lakeside.edu,Sara Harris,student,2025-12-07 11:45:00
LSV-0330,sophia.moore330@lakeside.edu,Sophia Moore,student,2025-11-10 14:28:00
LSV-0331,yara.taylor331@lakeside.edu,Yara Taylor,student,2025-10-28 09:50:00
LSV-0332,chen.garcia332@lakeside.edu,Chen Garcia,student,2025-09-05 07:30:00
LSV-0333,diego.king333@lakeside.edu,Diego King,student,2025-10-01 15:24:00
LSV-0334,lucas.martinez334@lakeside.edu,Lucas Martinez,student,2025-09-03 04:51:00
LSV-0335,arjun.johnson335@lakeside.edu,Arjun Johnson,student,2025-09-29 13:52:00
LSV-0336,mei.garcia336@lakeside.edu,Mei Garcia,student,2025-11-22 15:15:00
LSV-0337,chen.baker337@lakeside.edu,Chen Baker,student,2025-12-01 19:57:00
LSV-0338,fatima.hall338@lakeside.edu,Fatima Hall,student,2025-10-06 00:10:00
LSV-0339,leo.martin339@lakeside.edu,Leo Martin,student,2025-10-31 18:19:00
LSV-0340,mei.martinez340@lakeside.edu,Mei Martinez,student,2025-09-19 23:05:00
LSV-0341,sophia.baker341@lakeside.edu,Sophia Baker,student,2025-11-17 03:20:00
LSV-0342,nina.green342@lakeside.edu,Nina Green,student,2025-09-18 12:22:00
LSV-0343,olivia.young343@lakeside.edu,Olivia Young,student,2025-12-12 00:09:00
LSV-0344,isabella.baker344@lakeside.edu,Isabella Baker,student,2025-12-11 03:19:00
LSV-0345,olivia.wright345@lakeside.edu,Olivia Wright,student,2025-09-01 19:39:00
LSV-0346,nina.taylor346@lakeside.edu,Nina Taylor,student,2025-12-18 06:02:00
LSV-0347,elena.walker347@lakeside.edu,Elena Walker,student,2025-11-02 15:04:00
LSV-0348,mei.martinez348@lakeside.edu,Mei Martinez,student,2025-11-01 21:46:00
LSV-0349,isabella.martinez349@lakeside.edu,Isabella Martinez,student,2025-12-08 04:32:00
LSV-0350,priya.harris350@lakeside.edu,Priya Harris,student,2025-12-29 20:59:00
LSV-0351,hannah.miller351@lakeside.edu,Hannah Miller,student,2025-11-29 18:09:00
LSV-0352,elena.jackson352@lakeside.edu,Elena Jackson,student,2025-10-01 00:01:00
LSV-0353,ava.anderson353@lakeside.edu,Ava Anderson,student,2025-12-06 02:08:00
LSV-0354,henry.baker354@lakeside.edu,Henry Baker,student,2025-12-13 23:00:00
LSV-0355,priya.walker355@lakeside.edu,Priya Walker,student,2025-12-12 08:15:00
LSV-0356,liam.martin356@lakeside.edu,Liam Martin,student,2025-09-05 14:18:00
LSV-0357,fatima.lee357@lakeside.edu,Fatima Lee,student,2025-10-13 13:25:00
LSV-0358,hannah.scott358@lakeside.edu,Hannah Scott,student,2025-10-27 13:24:00
LSV-0359,fatima.baker359@lakeside.edu,Fatima Baker,student,2025-10-29 10:31:00
LSV-0360,nina.brown360@lakeside.edu,Nina Brown,student,2025-10-24 08:20:00
LSV-0361,liam.johnson361@lakeside.edu,Liam Johnson,student,2025-10-31 19:02:00
LSV-0362,isabella.clark362@lakeside.edu,Isabella Clark,student,2025-11-28 23:34:00
LSV-0363,sara.johnson363@lakeside.edu,Sara Johnson,student,2025-12-19 21:12:00
LSV-0364,hannah.walker364@lakeside.edu,Hannah Walker,student,2025-12-20 04:12:00
LSV-0365,priya.anderson365@lakeside.edu,Priya Anderson,student,2025-11-21 02:39:00
LSV-0366,hannah.martinez366@lakeside.edu,Hannah Martinez,student,2025-09-06 07:04:00
LSV-0367,noah.wilson367@lakeside.edu,Noah Wilson,student,2025-11-21 09:21:00
LSV-0368,yara.taylor368@lakeside.edu,Yara Taylor,student,2025-09-30 13:05:00
LSV-0369,arjun.garcia369@lakeside.edu,Arjun Garcia,student,2025-12-08 07:37:00
LSV-0370,henry.scott370@lakeside.edu,Henry Scott,student,2025-09-14 01:08:00
LSV-0371,emma.hall371@lakeside.edu,Emma Hall,student,2025-10-09 10:59:00
LSV-0372,ava.anderson372@lakeside.edu,Ava Anderson,student,2025-12-11 11:54:00
LSV-0373,lucas.thomas373@lakeside.edu,Lucas Thomas,student,2025-10-19 00:42:00
LSV-0374,liam.wilson374@lakeside.edu,Liam Wilson,student,2025-11-08 00:03:00
LSV-0375,elena.walker375@lakeside.edu,Elena Walker,student,2025-12-11 16:08:00
LSV-0376,emma.davis376@lakeside.edu,Emma Davis,student,2025-09-12 06:48:00
LSV-0377,hannah.jackson377@lakeside.edu,Hannah Jackson,student,2025-11-20 09:19:00
LSV-0378,ethan.martin378@lakeside.edu,Ethan Martin,student,2025-12-27 05:54:00
LSV-0379,liam.wilson379@lakeside.edu,Liam Wilson,student,2025-10-31 07:46:00
LSV-0380,olivia.harris380@lakeside.edu,Olivia Harris,student,2025-10-04 08:45:00
LSV-0381,john.green381@lakeside.edu,John Green,student,2025-12-13 01:52:00
LSV-0382,mateo.taylor382@lakeside.edu,Mateo Taylor,student,2025-11-27 04:39:00
LSV-0383,emma.johnson383@lakeside.edu,Emma Johnson,student,2025-10-27 21:47:00
LSV-0384,elena.taylor384@lakeside.edu,Elena Taylor,student,2025-11-22 00:28:00
LSV-0385,henry.moore385@lakeside.edu,Henry Moore,student,2025-10-29 20:18:00
LSV-0386,sophia.jackson386@lakeside.edu,Sophia Jackson,student,2025-12-20 02:29:00
LSV-0387,mia.wilson387@lakeside.edu,Mia Wilson,student,2025-10-20 05:31:00
LSV-0388,amir.lee388@lakeside.edu,Amir Lee,student,2025-10-09 09:52:00
LSV-0389,lucas.patel389@lakeside.edu,Lucas Patel,student,2025-12-17 08:28:00
LSV-0390,priya.moore390@lakeside.edu,Priya Moore,student,2025-09-03 05:19:00
LSV-0391,hannah.walker391@lakeside.edu,Hannah Walker,student,2025-12-09 11:40:00
LSV-0392,yara.clark392@lakeside.edu,Yara Clark,student,2025-12-06 02:57:00
LSV-0393,leo.green393@lakeside.edu,Leo Green,student,2025-12-25 19:46:00
LSV-0394,ibrahim.king394@lakeside.edu,Ibrahim King,student,2025-10-01 06:43:00
LSV-0395,zoe.thomas395@lakeside.edu,Zoe Thomas,student,2025-09-30 07:43:00
LSV-0396,sophia.clark396@lakeside.edu,Sophia Clark,student,2025-10-04 09:08:00
LSV-0397,ibrahim.allen397@lakeside.edu,Ibrahim Allen,student,2025-12-09 08:30:00
LSV-0398,grace.wright398@lakeside.edu,Grace Wright,student,2025-09-19 07:26:00
LSV-0399,mia.green399@lakeside.edu,Mia Green,student,2025-11-21 08:03:00
LSV-0400,ava.taylor400@lakeside.edu,Ava Taylor,student,2025-12-11 01:02:00
LSV-0401,ava.lee401@lakeside.edu,Ava Lee,student,2025-10-17 14:29:00
LSV-0402,noah.baker402@lakeside.edu,Noah Baker,student,2025-10-08 21:09:00
LSV-0403,nina.white403@lakeside.edu,Nina White,student,2025-09-23 16:51:00
LSV-0404,liam.king404@lakeside.edu,Liam King,student,2025-11-09 22:29:00
LSV-0405,fatima.thompson405@lakeside.edu,Fatima Thompson,student,2025-12-26 19:18:00
LSV-0406,leo.davis406@lakeside.edu,Leo Davis,student,2025-10-04 02:26:00
LSV-0407,zoe.taylor407@lakeside.edu,Zoe Taylor,student,2025-12-05 21:33:00
LSV-0408,zoe.garcia408@lakeside.edu,Zoe Garcia,student,2025-10-30 12:34:00
LSV-0409,liam.young409@lakeside.edu,Liam Young,student,2025-09-30 09:05:00
LSV-0410,nina.walker410@lakeside.edu,Nina Walker,student,2025-10-22 05:01:00
LSV-0411,amir.johnson411@lakeside.edu,Amir Johnson,student,2025-12-11 23:28:00
LSV-0412,john.moore412@lakeside.edu,John Moore,student,2025-11-08 14:13:00
LSV-0413,mei.thomas413@lakeside.edu,Mei Thomas,student,2025-11-27 08:56:00
LSV-0414,olivia.lee414@lakeside.edu,Olivia Lee,student,2025-10-20 07:47:00
LSV-0415,amir.garcia415@lakeside.edu,Amir Garcia,student,2025-11-26 17:58:00
LSV-0416,chen.patel416@lakeside.edu,Chen Patel,student,2025-11-20 05:09:00
LSV-0417,isabella.baker417@lakeside.edu,Isabella Baker,student,2025-11-18 17:33:00
LSV-0418,sara.johnson418@lakeside.edu,Sara Johnson,student,2025-11-22 01:50:00
LSV-0419,yara.hall419@lakeside.edu,Yara Hall,student,2025-10-10 08:09:00
LSV-0420,arjun.garcia420@lakeside.edu,Arjun Garcia,student,2025-09-18 11:32:00
LSV-0421,ava.taylor421@lakeside.edu,Ava Taylor,student,2025-11-03 13:57:00
LSV-0422,mia.wilson422@lakeside.edu,Mia Wilson,student,2025-12-24 04:20:00
LSV-0423,liam.jackson423@lakeside.edu,Liam Jackson,student,2025-10-29 22:39:00
LSV-0424,grace.allen424@lakeside.edu,Grace Allen,student,2025-11-30 04:26:00
LSV-0425,arjun.lee425@lakeside.edu,Arjun Lee,student,2025-12-05 15:16:00
LSV-0426,mateo.white426@lakeside.edu,Mateo White,student,2025-11-23 13:22:00
LSV-0427,leo.martin427@lakeside.edu,Leo Martin,student,2025-11-18 23:55:00
LSV-0428,olivia.smith428@lakeside.edu,Olivia Smith,student,2025-11-28 22:38:00
LSV-0429,sophia.harris429@lakeside.edu,Sophia Harris,student,2025-10-27 18:03:00
LSV-0430,hannah.thomas430@lakeside.edu,Hannah Thomas,student,2025-09-14 09:24:00
LSV-0431,amir.martinez431@lakeside.edu,Amir Martinez,student,2025-12-26 08:00:00
LSV-0432,amir.smith432@lakeside.edu,Amir Smith,student,2025-10-21 19:25:00
LSV-0433,sophia.garcia433@lakeside.edu,Sophia Garcia,student,2025-12-19 01:31:00
LSV-0434,noah.walker434@lakeside.edu,Noah Walker,student,2025-09-29 07:54:00
LSV-0435,sara.clark435@lakeside.edu,Sara Clark,student,2025-09-03 11:43:00
LSV-0436,zoe.anderson436@lakeside.edu,Zoe Anderson,student,2025-10-02 14:17:00
LSV-0437,zoe.lee437@lakeside.edu,Zoe Lee,student,2025-09-27 12:20:00
LSV-0438,leo.young438@lakeside.edu,Leo Young,student,2025-11-10 17:04:00
LSV-0439,elena.miller439@lakeside.edu,Elena Miller,student,2025-12-14 17:57:00
LSV-0440,isabella.young440@lakeside.edu,Isabella Young,student,2025-09-20 06:20:00
LSV-0441,john.moore441@lakeside.edu,John Moore,student,2025-12-19 14:56:00
LSV-0442,liam.martinez442@lakeside.edu,Liam Martinez,student,2025-10-03 15:57:00
LSV-0443,mia.walker443@lakeside.edu,Mia Walker,student,2025-12-20 10:52:00
LSV-0444,liam.patel444@lakeside.edu,Liam Patel,student,2025-10-16 18:07:00
LSV-0445,elena.anderson445@lakeside.edu,Elena Anderson,student,2025-09-03 15:56:00
LSV-0446,olivia.smith446@lakeside.edu,Olivia Smith,student,2025-09-18 00:22:00
LSV-0447,fatima.garcia447@lakeside.edu,Fatima Garcia,student,2025-12-05 12:10:00
LSV-0448,chen.harris448@lakeside.edu,Chen Harris,student,2025-12-09 22:21:00
LSV-0449,fatima.lee449@lakeside.edu,Fatima Lee,student,2025-09-15 01:25:00
LSV-0450,fatima.wilson450@lakeside.edu,Fatima Wilson,student,2025-11-18 11:28:00
